id,first_name,last_name,email,gender,country,city
1,Shane,Cudworth,scudworth0@wordpress.com,Female,Mexico,El Limon
2,Marthe,Kippax,mkippax1@de.vu,Male,China,Zhetang
3,Petronilla,Malser,pmalser2@miibeian.gov.cn,Female,Bulgaria,Karnobat
4,Ottilie,Fosken,ofosken3@timesonline.co.uk,Female,Jamaica,Point Hill
5,Kile,Sorton,ksorton4@bluehost.com,Male,Mongolia,Arhust
6,Buck,Gouldstraw,bgouldstraw5@yellowpages.com,Polygender,Philippines,Liozon
7,Fayre,Barwis,fbarwis6@studiopress.com,Female,Russia,Kushchëvskaya
8,Gib,Packman,gpackman7@princeton.edu,Female,Indonesia,Kuangsan
9,Perice,Wither,pwither8@slate.com,Male,Indonesia,Belung Satu
10,Margalo,Ochterlony,mochterlony9@youtu.be,Male,Panama,Pedregal
11,Maddy,Taverner,mtavernera@seattletimes.com,Male,Philippines,Bungsuan
12,Vivienne,McCulley,vmcculleyb@wikispaces.com,Male,France,Créteil
13,Jamaal,Ayliff,jayliffc@apache.org,Non-binary,China,Hongshanzui
14,Betty,Hanretty,bhanrettyd@whitehouse.gov,Male,Afghanistan,Shīnḏanḏ
15,Brandy,Kincade,bkincadee@qq.com,Male,France,Toulouse
16,Augustine,Tingly,atinglyf@ox.ac.uk,Male,Bulgaria,Chavdar
17,Brent,Finding,bfindingg@loc.gov,Male,Samoa,Faleula
18,Gris,Dirand,gdirandh@goo.ne.jp,Male,Haiti,Port-de-Paix
19,Kipp,Tourle,ktourlei@ebay.com,Male,France,Le Havre
20,Grazia,Asquith,gasquithj@altervista.org,Male,Malaysia,Kuching
21,Currey,Fontell,cfontellk@zimbio.com,Female,United Kingdom,Ashley
22,Jacintha,Garratt,jgarrattl@berkeley.edu,Female,France,Niort
23,Randal,Rableau,rrableaum@yellowpages.com,Female,Russia,Nikolina Gora
24,Yulma,Vannikov,yvannikovn@163.com,Male,China,Dongshui
25,Harrietta,Corzor,hcorzoro@nps.gov,Male,Portugal,Leceia
26,Luella,Zienkiewicz,lzienkiewiczp@npr.org,Male,Tajikistan,Vakhsh
27,Pansy,Rozalski,prozalskiq@linkedin.com,Female,Brazil,Juiz de Fora
28,Carin,Allaway,callawayr@technorati.com,Male,Indonesia,Hantara
29,Mersey,Latey,mlateys@sogou.com,Polygender,China,Caijiagang
30,Sydelle,Tissier,stissiert@51.la,Male,Portugal,Novais
31,Allx,Siely,asielyu@apple.com,Genderqueer,Malaysia,Petaling Jaya
32,Grannie,Matresse,gmatressev@hp.com,Bigender,Ukraine,Borodino
33,Sheilakathryn,Benoiton,sbenoitonw@purevolume.com,Genderqueer,Nigeria,Katagum
34,Lanette,Bemwell,lbemwellx@icio.us,Agender,Portugal,Vidago
35,Bridgette,Blythin,bblythiny@yellowpages.com,Agender,Philippines,Loacan
36,Star,Mason,smasonz@arizona.edu,Female,Panama,Capira
37,Kynthia,Saladine,ksaladine10@yandex.ru,Genderfluid,Ghana,Foso
38,Tod,Adrianello,tadrianello11@time.com,Female,Indonesia,Prapen
39,Cris,Bartoletti,cbartoletti12@nydailynews.com,Male,Indonesia,Ciwidara
40,Troy,Usmar,tusmar13@devhub.com,Male,Russia,Ponyri Vtoryye
41,Cart,Bett,cbett14@twitpic.com,Female,Philippines,Pilar
42,Marysa,Masding,mmasding15@jigsy.com,Male,Peru,Progreso
43,Nevins,Figgures,nfiggures16@theguardian.com,Female,Russia,Ozerki
44,Goran,Yann,gyann17@guardian.co.uk,Male,China,Binjiang
45,Loise,Bish,lbish18@flavors.me,Male,China,Leiwang
46,Basile,Vigors,bvigors19@google.fr,Female,China,Xishiqiao
47,Raffarty,Cops,rcops1a@skyrock.com,Male,Colombia,El Doncello
48,Dniren,Goolding,dgoolding1b@netvibes.com,Female,Kiribati,Makin Village
49,Yetta,Haacker,yhaacker1c@sakura.ne.jp,Male,Indonesia,Kertahayu
50,Marillin,Trobey,mtrobey1d@forbes.com,Female,Syria,Abū Qalqal
51,Dwain,Scotting,dscotting1e@nydailynews.com,Female,Indonesia,Nyapar
52,Kristina,Klimek,kklimek1f@cbc.ca,Male,Ukraine,Budy
53,Quintilla,Rogez,qrogez1g@yellowpages.com,Agender,Colombia,Marulanda
54,Gery,Ehrat,gehrat1h@oakley.com,Female,Indonesia,Karangmangu
55,Mira,Guidini,mguidini1i@va.gov,Male,Botswana,Francistown
56,Kris,McFadin,kmcfadin1j@sfgate.com,Female,Poland,Lyski
57,Giavani,Carwithen,gcarwithen1k@yahoo.com,Genderqueer,Finland,Ylihärmä
58,Orelia,Chapelhow,ochapelhow1l@redcross.org,Male,China,Xilaiqiao
59,Vina,Morin,vmorin1m@prlog.org,Female,Mexico,San Pedro
60,Rees,Ajam,rajam1n@google.cn,Male,France,Granville
61,Sebastien,Faulo,sfaulo1o@parallels.com,Female,Iran,Ḩājjīābād
62,Luther,O'Gready,logready1p@sogou.com,Male,China,Runan
63,Mario,Rany,mrany1q@quantcast.com,Male,Chile,Villarrica
64,Jeremias,Valerius,jvalerius1r@smh.com.au,Female,Ireland,Kilcullen
65,Betteann,Klimkiewich,bklimkiewich1s@4shared.com,Female,Indonesia,Warungawi
66,Bradan,Shurmer,bshurmer1t@live.com,Male,Indonesia,Kawengan
67,Rubina,Cathcart,rcathcart1u@state.gov,Male,Bangladesh,Raojān
68,Freddi,Meco,fmeco1v@reddit.com,Male,Indonesia,Parigi
69,Krystle,Neeve,kneeve1w@buzzfeed.com,Male,Russia,Zelenogradsk
70,Jonell,Pakeman,jpakeman1x@microsoft.com,Male,Greece,Vári
71,Estel,Diem,ediem1y@yahoo.co.jp,Male,Morocco,Arazane
72,Koralle,Evanson,kevanson1z@phpbb.com,Male,China,Weishanzhuang
73,Moyna,Gladeche,mgladeche20@ucsd.edu,Male,Greece,Gérakas
74,Daryn,Commander,dcommander21@a8.net,Male,Indonesia,Leles
75,Kristin,Peckham,kpeckham22@vistaprint.com,Female,Philippines,Carpenter
76,Herc,Kacheler,hkacheler23@goodreads.com,Male,Brazil,Itupeva
77,Jakie,Heis,jheis24@sourceforge.net,Genderfluid,Morocco,Aoufous
78,Aliza,Spira,aspira25@sogou.com,Agender,Nigeria,Oguma
79,Juanita,Felgate,jfelgate26@jalbum.net,Male,Poland,Zebrzydowice
80,Denice,Neild,dneild27@fotki.com,Male,Slovenia,Hrastnik
81,Jasmina,Tomasutti,jtomasutti28@symantec.com,Male,China,Xiadu
82,Sylvan,Gilfoy,sgilfoy29@jugem.jp,Male,Norway,Porsgrunn
83,Anallese,Pipe,apipe2a@seattletimes.com,Male,United States,Tacoma
84,Cory,Cinderey,ccinderey2b@washingtonpost.com,Female,Poland,Skarbimierz Osiedle
85,Marcellina,Bentall,mbentall2c@a8.net,Female,Finland,Mouhijärvi
86,Kristine,McAree,kmcaree2d@blogspot.com,Female,Paraguay,Villa Hayes
87,Teirtza,Dotterill,tdotterill2e@amazon.de,Male,Peru,Chocope
88,Gail,Frome,gfrome2f@pbs.org,Male,Benin,Parakou
89,Eleonora,Brissard,ebrissard2g@dell.com,Female,Philippines,Malabang
90,Ogdon,Kener,okener2h@ucoz.ru,Female,France,Cergy-Pontoise
91,Malorie,Stoven,mstoven2i@fc2.com,Female,United States,Boulder
92,Iorgo,Huckett,ihuckett2j@ocn.ne.jp,Female,Indonesia,Margorejo
93,Avril,Loader,aloader2k@ucoz.ru,Male,Brazil,São João Nepomuceno
94,Ev,Capponer,ecapponer2l@baidu.com,Male,France,Valence
95,Estel,Cronshaw,ecronshaw2m@washingtonpost.com,Male,Syria,Armanāz
96,Gusty,Cammack,gcammack2n@shinystat.com,Female,Bulgaria,Kaolinovo
97,Julio,Comins,jcomins2o@goo.gl,Female,France,Bordeaux
98,Henka,Lorkin,hlorkin2p@indiegogo.com,Male,Russia,Prokhladnyy
99,Pierette,Kemp,pkemp2q@seesaa.net,Genderfluid,Russia,Omutninsk
100,Kinnie,Pitkeathly,kpitkeathly2r@cnbc.com,Female,Indonesia,Kepuh
101,Karlotta,Champkins,kchampkins2s@over-blog.com,Male,Indonesia,Karangbenda
102,Bernete,Fader,bfader2t@friendfeed.com,Male,Pakistan,Toba Tek Singh
103,Grazia,Albin,galbin2u@apple.com,Female,Brazil,Santa Maria
104,Ortensia,Evanson,oevanson2v@desdev.cn,Male,China,Jiangcun
105,Monah,Bricknell,mbricknell2w@cbslocal.com,Female,Norway,Skien
106,Anny,Murrum,amurrum2x@hp.com,Male,Italy,Trieste
107,Tracie,Pohls,tpohls2y@craigslist.org,Male,China,Hema
108,Sherwood,Wrightham,swrightham2z@deliciousdays.com,Male,Russia,Temizhbekskaya
109,Randall,Adanez,radanez30@themeforest.net,Female,Indonesia,Kenyau
110,Carmita,Towers,ctowers31@time.com,Female,Kazakhstan,Almaty
111,Aharon,Hilldrop,ahilldrop32@craigslist.org,Female,Vietnam,Nghi Xuân
112,Chery,McGeever,cmcgeever33@wikia.com,Male,Vietnam,Ia Kha
113,Conny,McQuilkin,cmcquilkin34@ed.gov,Male,Macedonia,Ilinden
114,Cybil,Bentsen,cbentsen35@ycombinator.com,Male,Peru,Pueblo Nuevo
115,Allys,Purser,apurser36@odnoklassniki.ru,Female,China,Xinglong
116,Lane,Blissett,lblissett37@icio.us,Female,Indonesia,Jambuwerkrajan
117,Geordie,Bountiff,gbountiff38@webmd.com,Male,Poland,Maniowy
118,Sabrina,Wattam,swattam39@tripod.com,Female,Slovenia,Kranj
119,Chip,Mingauld,cmingauld3a@miitbeian.gov.cn,Female,Japan,Masuda
120,Serena,Jimenez,sjimenez3b@spotify.com,Male,Argentina,Las Garcitas
121,Vladimir,Conerding,vconerding3c@webs.com,Male,Belize,Belize City
122,Red,Silmon,rsilmon3d@studiopress.com,Female,Germany,Hamburg Winterhude
123,Yankee,Savil,ysavil3e@ox.ac.uk,Female,Palestinian Territory,Farkhah
124,Tomasine,Wigg,twigg3f@bloglines.com,Male,Ethiopia,Tulu Bolo
125,Belinda,Showl,bshowl3g@hp.com,Female,China,Hulei
126,Cathryn,Frudd,cfrudd3h@timesonline.co.uk,Male,Russia,Ossora
127,Allegra,Bessent,abessent3i@nps.gov,Male,Nigeria,Idanre
128,Cherise,Infantino,cinfantino3j@latimes.com,Female,China,Bahuang
129,Alexis,Peyntue,apeyntue3k@ow.ly,Female,Brazil,Cuiabá
130,Laney,Philler,lphiller3l@wikispaces.com,Female,Pakistan,Zhob
131,Archie,Soro,asoro3m@wordpress.com,Male,Uzbekistan,Salor
132,Nickey,Stamp,nstamp3n@ebay.co.uk,Female,Japan,Obama
133,Annemarie,Woffinden,awoffinden3o@zimbio.com,Male,Mexico,San Miguel
134,Aggi,Barefoot,abarefoot3p@sina.com.cn,Male,Portugal,Castelo de Vide
135,Morton,Yarker,myarker3q@devhub.com,Female,Ukraine,Kyrylivka
136,Wally,Harvatt,wharvatt3r@domainmarket.com,Male,Portugal,Cential
137,Aida,Fellibrand,afellibrand3s@yahoo.co.jp,Female,French Guiana,Kourou
138,Hewe,Hayselden,hhayselden3t@skyrock.com,Polygender,Germany,Berlin
139,Brittany,Bucher,bbucher3u@simplemachines.org,Female,Canada,Kerrobert
140,Laurice,Bollum,lbollum3v@discuz.net,Female,Iran,Nūrābād
141,Dame,Darthe,ddarthe3w@earthlink.net,Female,China,Gongli
142,Gilbert,Leggon,gleggon3x@timesonline.co.uk,Female,Thailand,Khao Wong
143,Marya,Thomton,mthomton3y@tinyurl.com,Female,Mexico,Altavista
144,Dorey,Smeall,dsmeall3z@tumblr.com,Genderfluid,Indonesia,Ledok
145,Moina,Johnston,mjohnston40@un.org,Female,Bulgaria,Satovcha
146,Chrotoem,Forgan,cforgan41@1und1.de,Male,China,Wenquan
147,Reine,McTrustrie,rmctrustrie42@techcrunch.com,Male,Ireland,Cashel
148,Odille,Gammons,ogammons43@angelfire.com,Female,Iran,Gonābād
149,Smitty,Hofner,shofner44@baidu.com,Female,Canada,Moncton
150,Dame,Wims,dwims45@ovh.net,Female,Philippines,San Miguel
151,Trenna,Kolak,tkolak46@pagesperso-orange.fr,Male,Portugal,Figueira Castelo Rodrigo
152,Gae,Treadway,gtreadway47@123-reg.co.uk,Female,Palestinian Territory,Karney Shomron
153,Brear,Habbon,bhabbon48@etsy.com,Female,Philippines,Siasi
154,Annalee,Fillis,afillis49@soundcloud.com,Polygender,Hungary,Szeged
155,Leighton,Trussman,ltrussman4a@dmoz.org,Female,Argentina,Fernández
156,Jayme,Parsonson,jparsonson4b@comsenz.com,Male,Czech Republic,Stod
157,Hurlee,Evitts,hevitts4c@addthis.com,Genderqueer,Russia,Nizhniy Lomov
158,Celka,Blyth,cblyth4d@who.int,Male,Indonesia,Noeltoko
159,Mateo,Piller,mpiller4e@i2i.jp,Female,Thailand,Thung Khru
160,Ediva,Hartly,ehartly4f@usatoday.com,Male,Tunisia,Manzil Bū Zalafah
161,Malchy,Tuke,mtuke4g@senate.gov,Female,Brazil,Três Passos
162,Gavan,Eles,geles4h@4shared.com,Female,Russia,Kantyshevo
163,Marylin,Bourthoumieux,mbourthoumieux4i@hud.gov,Agender,China,Nangong
164,Sigfried,Roarty,sroarty4j@bizjournals.com,Male,United States,Austin
165,Adham,Jowers,ajowers4k@mozilla.com,Female,France,Dunkerque
166,Rosy,Laba,rlaba4l@ebay.co.uk,Male,France,Cestas
167,Clarine,Clemenzo,cclemenzo4m@jalbum.net,Male,China,Mishixiang
168,Rosette,Garthland,rgarthland4n@mediafire.com,Male,Russia,Staraya Russa
169,Marve,Kelf,mkelf4o@geocities.com,Female,China,Yidu
170,Madelon,Rembrandt,mrembrandt4p@a8.net,Male,China,Shuqiao
171,Roddie,Buckby,rbuckby4q@purevolume.com,Male,France,Toulon
172,Baxie,Hotton,bhotton4r@techcrunch.com,Female,Indonesia,Banjar Dauhmargi
173,Bertram,Rhucroft,brhucroft4s@fc2.com,Female,South Africa,Brits
174,Siusan,Hrishchenko,shrishchenko4t@technorati.com,Female,Yemen,Maswarah
175,Domeniga,Shepperd,dshepperd4u@deliciousdays.com,Male,Colombia,Chigorodó
176,Jackquelin,Kubacki,jkubacki4v@sphinn.com,Male,Indonesia,Cumedak
177,Stern,O'Hearn,sohearn4w@newyorker.com,Female,Russia,Proletarskiy
178,Shanda,Simper,ssimper4x@vimeo.com,Polygender,China,Huangshi
179,Queenie,Younie,qyounie4y@google.cn,Female,China,Qaxa
180,Axel,Jacques,ajacques4z@uol.com.br,Female,Poland,Opoczno
181,Gray,Coldman,gcoldman50@histats.com,Female,Indonesia,Sidamukti
182,Anselm,Brien,abrien51@epa.gov,Male,Belarus,Khalopyenichy
183,Edgard,Magne,emagne52@rediff.com,Female,Brazil,Caçapava
184,Otes,Winckles,owinckles53@utexas.edu,Male,Indonesia,Ngepoh Kidul
185,Mommy,Zincke,mzincke54@mapy.cz,Female,United States,Pensacola
186,Debra,Oliphard,doliphard55@google.it,Male,Kazakhstan,Almaty
187,Muhammad,Goosey,mgoosey56@imageshack.us,Female,Liberia,Buutuo
188,Demetrius,Shepherdson,dshepherdson57@disqus.com,Female,Ukraine,Velyki Sorochyntsi
189,Dalia,Gascone,dgascone58@bbb.org,Female,Russia,Knyaze-Volkonskoye
190,Fayina,Lebbern,flebbern59@state.gov,Female,Indonesia,Sale
191,Con,Lagadu,clagadu5a@edublogs.org,Female,Thailand,Chum Phuang
192,Evanne,Sigert,esigert5b@gizmodo.com,Male,Philippines,Bacuyangan
193,Gordon,Tully,gtully5c@un.org,Genderqueer,Russia,Orekhovo-Borisovo Severnoye
194,Anna-diana,Yanukhin,ayanukhin5d@netlog.com,Female,Greece,Sísion
195,Alaric,Mordue,amordue5e@storify.com,Female,Iran,Ahar
196,Karissa,Eland,keland5f@amazonaws.com,Male,Norway,Oslo
197,Bette,Jacketts,bjacketts5g@indiatimes.com,Female,Argentina,La Cesira
198,Gottfried,Shuard,gshuard5h@answers.com,Female,Thailand,Chiang Yuen
199,Lissy,Thominga,lthominga5i@woothemes.com,Male,China,Dingjiaqiao
200,Tedra,Gawke,tgawke5j@networkadvertising.org,Male,China,Damatou
201,Natasha,Trivett,ntrivett5k@netvibes.com,Female,Uzbekistan,Kitob
202,Josh,Woodwing,jwoodwing5l@marriott.com,Female,Namibia,Okahandja
203,Gilles,Planke,gplanke5m@creativecommons.org,Female,Albania,Orikum
204,Justinian,Lilbourne,jlilbourne5n@theguardian.com,Male,France,Cran-Gevrier
205,Essa,Alltimes,ealltimes5o@wikia.com,Male,Indonesia,Ngedhubasa
206,Trista,Westmorland,twestmorland5p@cornell.edu,Female,Czech Republic,Hazlov
207,Randa,McCaughan,rmccaughan5q@taobao.com,Male,Russia,Rayevskaya
208,Stuart,Rangle,srangle5r@independent.co.uk,Male,China,Laojie
209,Xena,Parnall,xparnall5s@g.co,Male,Haiti,Cornillon
210,Allsun,Brodest,abrodest5t@etsy.com,Female,Colombia,Palmar de Varela
211,Katleen,Tew,ktew5u@epa.gov,Female,Indonesia,Labangka Satu
212,Frederique,Vaillant,fvaillant5v@bloomberg.com,Male,Indonesia,Kangin
213,Susi,Alexsandrovich,salexsandrovich5w@ustream.tv,Female,Poland,Przasnysz
214,Basilius,Oxer,boxer5x@house.gov,Male,Japan,Ashiya
215,Corrie,Spalding,cspalding5y@mozilla.org,Male,Democratic Republic of the Congo,Lubao
216,Morganica,Litterick,mlitterick5z@sogou.com,Male,Sweden,Östhammar
217,Lydia,Scurrah,lscurrah60@imgur.com,Male,Ivory Coast,Bongouanou
218,Marcello,Byneth,mbyneth61@ocn.ne.jp,Female,China,Zhenqiao
219,Gayel,Epine,gepine62@mozilla.com,Female,Nicaragua,Puerto Morazán
220,Delcine,Downie,ddownie63@bandcamp.com,Bigender,Central African Republic,Bria
221,Abra,Skellon,askellon64@fda.gov,Female,Russia,Malgobek
222,Stephani,Mound,smound65@reuters.com,Female,China,Sijiqing
223,Adeline,Netti,anetti66@live.com,Female,Peru,Chalcos
224,Dagmar,Hansley,dhansley67@etsy.com,Male,Russia,Kushelevka
225,Othella,Shufflebotham,oshufflebotham68@devhub.com,Female,Tunisia,El Jem
226,Keenan,Cunniff,kcunniff69@cargocollective.com,Male,Russia,Chuchkovo
227,Hedi,Inglis,hinglis6a@1und1.de,Male,Poland,Kórnik
228,Adrien,Bladen,abladen6b@hp.com,Polygender,Philippines,Pandakan
229,Geoffrey,Gilstoun,ggilstoun6c@shinystat.com,Non-binary,Sweden,Stockholm
230,Thatcher,Waistall,twaistall6d@japanpost.jp,Female,Philippines,Amio
231,Loise,Broadley,lbroadley6e@t.co,Male,Zambia,Kitwe
232,Alicea,Ebsworth,aebsworth6f@newyorker.com,Female,Argentina,Alejo Ledesma
233,Sharai,Hightown,shightown6g@macromedia.com,Female,Philippines,Anao
234,Charo,Dolton,cdolton6h@state.tx.us,Male,Morocco,Tiztoutine
235,Hilton,MacNeice,hmacneice6i@google.com.au,Male,China,Haibeitou
236,Des,Martinek,dmartinek6j@hud.gov,Male,Japan,Tatsunochō-tominaga
237,Candie,Bufton,cbufton6k@moonfruit.com,Male,Ireland,Tower
238,Gisele,Farguhar,gfarguhar6l@merriam-webster.com,Genderqueer,Indonesia,Karangkeng
239,Misty,Ansley,mansley6m@sina.com.cn,Genderfluid,Iran,Zehak
240,Lowell,Fontenot,lfontenot6n@facebook.com,Female,Martinique,Fort-de-France
241,Elyse,Carley,ecarley6o@army.mil,Bigender,Serbia,Jermenovci
242,Aurelea,Peers,apeers6p@ovh.net,Male,China,Miao’ertan
243,Carlen,Sisnett,csisnett6q@i2i.jp,Male,Portugal,Lomba
244,Pyotr,Lightwood,plightwood6r@parallels.com,Male,Honduras,Tocoa
245,Rebbecca,Dowson,rdowson6s@printfriendly.com,Male,China,Wufeng
246,Morty,Cranham,mcranham6t@nps.gov,Non-binary,Japan,Shisui
247,Janna,Connachan,jconnachan6u@hp.com,Male,Moldova,Călăraşi
248,Lia,Filipovic,lfilipovic6v@dedecms.com,Female,Philippines,Tarangnan
249,Carolyne,Bevan,cbevan6w@accuweather.com,Female,Rwanda,Byumba
250,Domeniga,Petrello,dpetrello6x@biblegateway.com,Female,Indonesia,Cikadu
251,Randell,Bothie,rbothie6y@blinklist.com,Male,Poland,Zamość
252,Daile,Geoghegan,dgeoghegan6z@mysql.com,Male,China,Niushou
253,Tilda,Alcalde,talcalde70@spiegel.de,Male,Indonesia,Cibulakan
254,Benjamen,Selcraig,bselcraig71@amazon.co.uk,Male,Liberia,Greenville
255,Case,Jerome,cjerome72@wordpress.com,Female,China,Huayuan
256,Germaine,Delea,gdelea73@nba.com,Male,Ukraine,Richky
257,Eddi,Mabone,emabone74@wp.com,Female,United States,Norfolk
258,Stephana,Corstorphine,scorstorphine75@nytimes.com,Male,Russia,Konosha
259,Forbes,Dumingo,fdumingo76@google.co.jp,Female,Kazakhstan,Kyzylorda
260,Goldarina,Juschke,gjuschke77@about.me,Male,Indonesia,Jatirejo
261,Rozanne,Godwin,rgodwin78@cmu.edu,Female,Indonesia,Cigadog
262,Terrance,Roggieri,troggieri79@sourceforge.net,Female,Malaysia,Kota Bharu
263,Edith,Florez,eflorez7a@diigo.com,Female,China,Beiqiao
264,Marisa,Leuchars,mleuchars7b@example.com,Female,Philippines,Maloma
265,Wilhelmine,Ellicombe,wellicombe7c@zimbio.com,Female,Indonesia,Bunigeulis
266,Barbara-anne,Beardsley,bbeardsley7d@example.com,Male,Comoros,Mramani
267,Loella,Dutson,ldutson7e@google.es,Male,Indonesia,Cikadu
268,Zaneta,Drayton,zdrayton7f@buzzfeed.com,Male,Russia,Khomutovo
269,Pattin,Hocking,phocking7g@wired.com,Male,Chad,Oum Hadjer
270,Al,Kinvan,akinvan7h@marketwatch.com,Female,France,Guérande
271,Winonah,Snasel,wsnasel7i@globo.com,Female,Nigeria,Ajasse Ipo
272,Kelcey,Kindall,kkindall7j@goodreads.com,Male,China,Sanli
273,Ruth,Freear,rfreear7k@cafepress.com,Female,Malaysia,Ipoh
274,Marguerite,Tchaikovsky,mtchaikovsky7l@washingtonpost.com,Female,Canada,Bridgewater
275,Brandie,Ericsson,bericsson7m@livejournal.com,Female,Indonesia,Lamatuka
276,Dannie,Savine,dsavine7n@apple.com,Female,Iran,Kahrīz
277,Mabel,Bing,mbing7o@naver.com,Male,Yemen,Khawr Maksar
278,Korney,Dinneen,kdinneen7p@exblog.jp,Male,Laos,Savannakhét
279,Rudy,Kenington,rkenington7q@goodreads.com,Male,Peru,Chambara
280,Bradan,Cornford,bcornford7r@opensource.org,Female,Philippines,Angatel
281,Brnaba,Gemson,bgemson7s@examiner.com,Female,Japan,Ikeda
282,Davy,Enns,denns7t@fc2.com,Female,China,Dongbatu
283,Bambi,Cokayne,bcokayne7u@mapy.cz,Female,Philippines,Tingloy
284,Shayne,Winham,swinham7v@elpais.com,Female,Russia,Klyuchi
285,Jere,Yansons,jyansons7w@oaic.gov.au,Male,Poland,Straszyn
286,Berty,Baugh,bbaugh7x@usnews.com,Female,Finland,Karvia
287,Kikelia,Comini,kcomini7y@nbcnews.com,Female,China,Longhe
288,Bathsheba,Spinige,bspinige7z@wikimedia.org,Female,China,Liangchahe
289,Arlin,Handsheart,ahandsheart80@mayoclinic.com,Male,Philippines,Maria Aurora
290,Callida,Elder,celder81@cargocollective.com,Male,Indonesia,Krajan Dua Patempuran
291,Ali,Mattielli,amattielli82@ed.gov,Male,Sweden,Kiruna
292,Ikey,Priddie,ipriddie83@merriam-webster.com,Female,Russia,Lokosovo
293,Gray,Fowler,gfowler84@pen.io,Male,Indonesia,Kolo
294,Joletta,Miebes,jmiebes85@skype.com,Female,Portugal,Couto
295,Colan,Pentercost,cpentercost86@xrea.com,Female,Venezuela,Baruta
296,Sapphira,Braybrooke,sbraybrooke87@blogspot.com,Female,Poland,Czarnożyły
297,Elmira,Colley,ecolley88@fastcompany.com,Female,China,Chengbei
298,Emelda,Bloxland,ebloxland89@un.org,Male,United States,Vancouver
299,Constantina,Tilbey,ctilbey8a@cyberchimps.com,Male,China,Huangma
300,Bradley,Maciejak,bmaciejak8b@wp.com,Male,China,Duotian
301,Gail,Dosdell,gdosdell8c@gnu.org,Male,Indonesia,Tepal
302,Luce,Rowlin,lrowlin8d@comcast.net,Male,Philippines,Santa Monica
303,Mehetabel,Keyho,mkeyho8e@globo.com,Female,Faroe Islands,Sørvágur
304,Kaspar,Copping,kcopping8f@pinterest.com,Male,Indonesia,Ulee Gle
305,Jori,Gonnelly,jgonnelly8g@springer.com,Male,Canada,Thessalon
306,Frannie,Washington,fwashington8h@springer.com,Female,Ethiopia,Debre Mark’os
307,Torrey,Arran,tarran8i@wikipedia.org,Male,Russia,Ramon’
308,Datha,Queree,dqueree8j@123-reg.co.uk,Female,Philippines,Joroan
309,Fawn,Ferreira,fferreira8k@netvibes.com,Male,China,Ludishan
310,Kaye,O'Duane,koduane8l@diigo.com,Female,Philippines,San Teodoro
311,Alair,Vonderdell,avonderdell8m@bbb.org,Bigender,Greece,Nerokoúros
312,Crista,Fearnsides,cfearnsides8n@vkontakte.ru,Male,China,Balitai
313,Delilah,Bladge,dbladge8o@washingtonpost.com,Non-binary,Poland,Łobżenica
314,Ira,Bozier,ibozier8p@webeden.co.uk,Male,Montenegro,Podgorica
315,Hobie,Berthomier,hberthomier8q@cnn.com,Male,China,Puqi
316,Lynnell,Frichley,lfrichley8r@washington.edu,Male,Portugal,Bicesse
317,Maribeth,Montford,mmontford8s@sphinn.com,Male,China,Yushugou
318,Tamma,Shadfourth,tshadfourth8t@skyrock.com,Female,Russia,Paratunka
319,Ephrem,Rainsbury,erainsbury8u@stanford.edu,Male,Russia,Teberda
320,Carmen,Ivantyev,civantyev8v@hud.gov,Female,Azerbaijan,Kyurdarmir
321,Fayth,Paula,fpaula8w@clickbank.net,Male,Jordan,As Salţ
322,Karna,Penni,kpenni8x@ifeng.com,Male,China,Zhengji
323,Budd,MacFarlan,bmacfarlan8y@barnesandnoble.com,Male,Philippines,Palestina
324,Didi,Kelmere,dkelmere8z@jalbum.net,Male,China,Xinying
325,Emmanuel,Senecaux,esenecaux90@free.fr,Male,Philippines,Rizal
326,Mavra,Turfitt,mturfitt91@netlog.com,Male,Belgium,Ath
327,Sharl,Toop,stoop92@163.com,Female,Croatia,Slobodnica
328,Putnem,MacGlory,pmacglory93@networksolutions.com,Female,China,Xinzheng
329,Ronny,Beran,rberan94@microsoft.com,Male,Estonia,Toila
330,Briano,Collingdon,bcollingdon95@nba.com,Male,France,Saint-Quentin
331,Darrick,Kasper,dkasper96@chron.com,Male,Russia,Zhavoronki
332,Georgie,Jakel,gjakel97@intel.com,Male,China,Ruixi
333,Mandie,Jzhakov,mjzhakov98@vkontakte.ru,Female,Tanzania,Mafinga
334,Franz,Roseblade,froseblade99@yandex.ru,Male,Indonesia,Muara Dua
335,Noelyn,McCulley,nmcculley9a@about.me,Bigender,Afghanistan,Balkh
336,Carly,Secret,csecret9b@liveinternet.ru,Male,Mexico,El Porvenir
337,Arni,Grigoriev,agrigoriev9c@hp.com,Male,Portugal,Entradas
338,Federico,MacAfee,fmacafee9d@techcrunch.com,Male,China,Kuiyong
339,Matt,Chichgar,mchichgar9e@seattletimes.com,Female,Greece,Dimitsána
340,Bartholomeus,Lofting,blofting9f@netscape.com,Male,Comoros,Ourovéni
341,Haslett,Mandel,hmandel9g@accuweather.com,Female,China,Shaxi
342,Arlinda,Boat,aboat9h@gmpg.org,Female,China,Nantian
343,Gerri,Flowerdew,gflowerdew9i@geocities.com,Male,France,Toulouse
344,Rowena,Dallyn,rdallyn9j@latimes.com,Male,United States,Birmingham
345,Rhody,Doughtery,rdoughtery9k@virginia.edu,Male,Cyprus,Limassol
346,Leigh,Gregorowicz,lgregorowicz9l@reference.com,Female,China,Guantian
347,Ilsa,O'Sullivan,iosullivan9m@wired.com,Female,Norway,Kristiansand S
348,Alanna,Breakey,abreakey9n@si.edu,Male,China,Lindong
349,Cassius,Jerche,cjerche9o@sphinn.com,Female,Marshall Islands,RMI Capitol
350,Lyndsey,Shatliff,lshatliff9p@trellian.com,Male,Philippines,Canturay
351,Hallie,Pideon,hpideon9q@sitemeter.com,Female,Brazil,Piraquara
352,Cirilo,Ulyet,culyet9r@independent.co.uk,Female,Belarus,Ivyanyets
353,Ingrid,Khristyukhin,ikhristyukhin9s@un.org,Female,Kazakhstan,Shymkent
354,Adrienne,Plowell,aplowell9t@eepurl.com,Male,Indonesia,Medang
355,Ann-marie,Breakey,abreakey9u@java.com,Female,Botswana,Maunatlala
356,Dexter,Jickles,djickles9v@usa.gov,Female,Palestinian Territory,‘Arab ar Rashāydah
357,Shandy,Seiffert,sseiffert9w@chicagotribune.com,Male,Tuvalu,Funafuti
358,Blondell,Paur,bpaur9x@adobe.com,Male,Malaysia,Ipoh
359,Brennan,Briggdale,bbriggdale9y@mail.ru,Female,Brazil,Ponta Porã
360,Joshua,Rignold,jrignold9z@google.de,Male,Uzbekistan,Koson
361,Maurits,Creggan,mcreggana0@theatlantic.com,Male,Iran,Eqlīd
362,Fanny,Lanphere,flanpherea1@163.com,Male,China,Huangzhuang
363,Agnola,Brandts,abrandtsa2@mashable.com,Female,Azerbaijan,Bilajari
364,Lorne,Fuzzey,lfuzzeya3@gnu.org,Female,Japan,Muroran
365,Theressa,Keson,tkesona4@samsung.com,Bigender,Brazil,São Miguel do Araguaia
366,Marlene,Lawrenz,mlawrenza5@wikimedia.org,Male,China,Dachun
367,Horacio,Varney,hvarneya6@zimbio.com,Female,Russia,Kovylkino
368,Seka,Dunnico,sdunnicoa7@yelp.com,Female,Greece,Alistráti
369,Andrus,Kohlerman,akohlermana8@uiuc.edu,Female,Philippines,Simunul
370,Harlene,Chinery,hchinerya9@engadget.com,Male,China,Chenfangji
371,Haily,Ferrie,hferrieaa@latimes.com,Polygender,Mali,Timbuktu
372,Witty,Gillanders,wgillandersab@telegraph.co.uk,Male,Peru,Maranura
373,Rosalynd,Monelle,rmonelleac@hao123.com,Male,China,Shangfang
374,Ronnica,Franchioni,rfranchioniad@google.nl,Male,Honduras,Potrerillos
375,Hildegarde,Pleace,hpleaceae@weather.com,Male,Venezuela,Tucaní
376,Guntar,Draper,gdraperaf@house.gov,Male,Brazil,Pancas
377,Burty,Dilke,bdilkeag@pbs.org,Female,South Korea,Hwado
378,Eolande,Falco,efalcoah@businessweek.com,Male,Bolivia,Paurito
379,Ronica,Sumbler,rsumblerai@home.pl,Female,China,Duqiong
380,Devan,Mathe,dmatheaj@wordpress.com,Male,Dominican Republic,Tamboril
381,Tildy,Dillon,tdillonak@ftc.gov,Female,Ivory Coast,Dabou
382,Cristina,Rough,croughal@netscape.com,Male,Colombia,Facatativá
383,Nicolette,Schultes,nschultesam@amazon.de,Female,France,Paris 12
384,Rebecca,Muckeen,rmuckeenan@wikispaces.com,Non-binary,Greece,Diónysos
385,Deloria,Purcell,dpurcellao@wordpress.com,Female,China,Chaoyang
386,Bronny,Cotgrove,bcotgroveap@archive.org,Male,China,Jiucheng
387,Corbett,Soitoux,csoitouxaq@altervista.org,Male,Vietnam,Thị Trấn Yên Ninh
388,Aline,Manders,amandersar@springer.com,Male,Brazil,Barueri
389,Sheff,Pettipher,spettipheras@sbwire.com,Female,China,Yashao
390,Kessia,Dumbare,kdumbareat@pcworld.com,Female,China,Weiting
391,Teddi,Bullivant,tbullivantau@google.it,Non-binary,Russia,Vykhino-Zhulebino
392,Camel,Garton,cgartonav@ox.ac.uk,Female,Russia,Kupavna
393,Alaric,Greggor,agreggoraw@princeton.edu,Male,Brazil,Três Passos
394,Lothario,Haw,lhawax@sina.com.cn,Female,Brazil,São Gabriel da Cachoeira
395,Gearard,Flatman,gflatmanay@arizona.edu,Male,Philippines,Santa Barbara
396,Findlay,Kubek,fkubekaz@goo.gl,Male,Indonesia,Bonebone
397,Wyatan,Byres,wbyresb0@archive.org,Male,Greece,Chrysoúpolis
398,Sapphire,Pregal,spregalb1@booking.com,Female,Greece,Manolás
399,Carlie,Wingate,cwingateb2@histats.com,Male,China,Lüfeng
400,Orlando,Paramore,oparamoreb3@illinois.edu,Female,China,Chuncheng
401,Anastassia,Abisetti,aabisettib4@facebook.com,Male,Brazil,Simão Dias
402,Carleen,Babonau,cbabonaub5@opera.com,Female,Indonesia,Plumbon
403,Brooke,Teers,bteersb6@wikimedia.org,Female,Czech Republic,Brandýs nad Labem-Stará Boleslav
404,Mata,Kelway,mkelwayb7@vkontakte.ru,Male,Ukraine,Krasna
405,Jerrilee,McKinless,jmckinlessb8@cornell.edu,Male,Portugal,Malpique
406,Mab,Bachura,mbachurab9@flavors.me,Polygender,China,Huomachong
407,Nikolos,Caughan,ncaughanba@youtube.com,Male,China,Zhitang
408,Koenraad,McNutt,kmcnuttbb@aol.com,Female,Croatia,Vinež
409,Cordi,Lardnar,clardnarbc@dailymotion.com,Male,France,Nantes
410,Mireille,Logesdale,mlogesdalebd@fc2.com,Male,China,Yongshan
411,Lanette,Castan,lcastanbe@bluehost.com,Female,Guatemala,San Pedro Sacatepéquez
412,Hanni,Pothergill,hpothergillbf@ebay.co.uk,Male,Bosnia and Herzegovina,Gradačac
413,Rhonda,Costen,rcostenbg@tripod.com,Male,Greece,Kalpáki
414,Lorrie,Arson,larsonbh@hao123.com,Male,United States,Kingsport
415,Rollie,Pestridge,rpestridgebi@themeforest.net,Female,China,Dawan
416,Thia,Tuiller,ttuillerbj@feedburner.com,Male,United States,Olympia
417,Roslyn,Hadwen,rhadwenbk@mapy.cz,Male,Poland,Żelistrzewo
418,Kevina,Oulner,koulnerbl@sitemeter.com,Male,France,Caen
419,Rosaline,McRinn,rmcrinnbm@livejournal.com,Female,Czech Republic,Postoloprty
420,Thomasina,Stainland,tstainlandbn@blog.com,Female,China,Shengtang
421,Corie,Skillicorn,cskillicornbo@telegraph.co.uk,Male,Greece,Pefkochóri
422,Maurise,Mibourne,mmibournebp@yelp.com,Female,France,Bordeaux
423,Wildon,Vanner,wvannerbq@businesswire.com,Male,Philippines,Tugdan
424,Lanita,Joscelin,ljoscelinbr@github.io,Male,Russia,Sysert’
425,Dulcine,Sambals,dsambalsbs@geocities.jp,Genderfluid,Panama,San Francisco
426,Clareta,Boggas,cboggasbt@paypal.com,Male,France,Mirecourt
427,Atalanta,Wapples,awapplesbu@ebay.com,Male,Indonesia,Labuhan
428,Town,Jamison,tjamisonbv@dion.ne.jp,Male,Republic of the Congo,Makoua
429,Gus,Chiechio,gchiechiobw@un.org,Female,France,Épinal
430,Chaddy,Fiorentino,cfiorentinobx@cnet.com,Male,Mexico,Lindavista
431,Moses,Abrahamovitz,mabrahamovitzby@google.co.jp,Female,Russia,Krasnyy Oktyabr’
432,Nissy,Couth,ncouthbz@wsj.com,Female,Poland,Dębno
433,Lance,Melonby,lmelonbyc0@answers.com,Male,Indonesia,Boafeo
434,Alika,Fley,afleyc1@wordpress.org,Male,China,Changxing
435,Heath,Pearmain,hpearmainc2@miitbeian.gov.cn,Genderqueer,Russia,Troitsk
436,Hortense,McGonnell,hmcgonnellc3@ibm.com,Female,Russia,Pushkinskiye Gory
437,Maximilien,Fonte,mfontec4@answers.com,Male,Cuba,Camagüey
438,Casandra,Bunner,cbunnerc5@bravesites.com,Female,Indonesia,Halimpu
439,Renell,Cleghorn,rcleghornc6@wufoo.com,Male,Armenia,Hoktember
440,Lottie,Simla,lsimlac7@state.gov,Female,China,Xilian
441,Fredi,Mingo,fmingoc8@scientificamerican.com,Female,China,Baiba
442,Lexy,Cogdell,lcogdellc9@blogtalkradio.com,Female,Portugal,Valejas
443,Buckie,Swatheridge,bswatheridgeca@va.gov,Male,Poland,Lipno
444,Kimbra,Cobson,kcobsoncb@telegraph.co.uk,Female,Philippines,Pangascasan
445,Kyrstin,Gooding,kgoodingcc@yolasite.com,Male,Thailand,Tak
446,Lindy,Ludwell,lludwellcd@guardian.co.uk,Male,Benin,Ouidah
447,Dusty,Fortie,dfortiece@topsy.com,Female,Indonesia,Sungaigerong
448,Aloisia,Ollier,aolliercf@blogs.com,Female,Portugal,Aveleda
449,Tess,Brome,tbromecg@shinystat.com,Genderfluid,China,Chengnan
450,Elsi,Deschlein,edeschleinch@sourceforge.net,Male,United States,Santa Monica
451,Flossy,Pendry,fpendryci@sitemeter.com,Male,Croatia,Srinjine
452,Sabine,M'Quhan,smquhancj@businessweek.com,Male,Indonesia,Pondokkaha Kelod
453,Rahal,Seedman,rseedmanck@nba.com,Female,Brazil,Itajubá
454,Celia,Nerne,cnernecl@npr.org,Male,Indonesia,Tanjung Palas
455,Clarissa,Kornas,ckornascm@g.co,Male,Peru,Vilque Chico
456,Jenny,Burrage,jburragecn@blogtalkradio.com,Male,Russia,Pravda
457,Torre,Hattigan,thattiganco@163.com,Male,Indonesia,Rawaglagah
458,Orrin,Earie,oeariecp@mashable.com,Male,China,Mafang
459,Brigitta,Dennitts,bdennittscq@jiathis.com,Female,China,Xuebu
460,Brianna,Iscowitz,biscowitzcr@github.io,Female,Canada,Labelle
461,Fredek,Pevreal,fpevrealcs@mashable.com,Female,Japan,Tanuma
462,Blakelee,Younger,byoungerct@patch.com,Male,Panama,Sioguí Arriba
463,Fidela,Hapke,fhapkecu@instagram.com,Female,Japan,Kanda
464,Marga,Pester,mpestercv@google.co.jp,Male,Vietnam,Thị Trấn Nguyên Bình
465,Kathy,Lindhe,klindhecw@telegraph.co.uk,Non-binary,Philippines,Budta
466,Ladonna,Ashard,lashardcx@netvibes.com,Male,Jordan,Al Jubayhah
467,Rosetta,Pickthorn,rpickthorncy@statcounter.com,Male,North Korea,Hŭkkyo-ri
468,Arnuad,Nel,anelcz@springer.com,Male,China,Dongtou
469,Buddy,Burgoine,bburgoined0@google.de,Male,Portugal,Labruge
470,Thadeus,Kearn,tkearnd1@fotki.com,Female,Vietnam,Quy Đạt
471,Parrnell,Balentyne,pbalentyned2@macromedia.com,Male,Greece,Palaióchora
472,Teddi,Pirrone,tpirroned3@mail.ru,Male,Chile,Temuco
473,Lizbeth,Corington,lcoringtond4@huffingtonpost.com,Male,China,Beichan
474,Ody,Mair,omaird5@ifeng.com,Male,China,Licheng
475,Cart,Salsbury,csalsburyd6@discuz.net,Female,Czech Republic,Telč
476,Darryl,Cutmere,dcutmered7@simplemachines.org,Female,France,Agen
477,Jamima,Fritchly,jfritchlyd8@studiopress.com,Male,Kazakhstan,Zhanaozen
478,Oriana,Procter,oprocterd9@wordpress.org,Female,Thailand,Sirindhorn
479,Olivia,Arnald,oarnaldda@europa.eu,Male,Russia,Tashla
480,Jo-ann,Longstreet,jlongstreetdb@washington.edu,Female,Poland,Wąpielsk
481,Bobina,Ritchley,britchleydc@wsj.com,Male,Republic of the Congo,Dolisie
482,Sigismond,Tewes,stewesdd@thetimes.co.uk,Male,Peru,Yanaoca
483,Martelle,Rapsey,mrapseyde@goodreads.com,Male,Indonesia,Faeanak Dua
484,Melony,Filliskirk,mfilliskirkdf@wordpress.org,Male,United States,Fresno
485,Lari,Tomaello,ltomaellodg@dyndns.org,Male,Philippines,Palguyod
486,Barnabas,Pereira,bpereiradh@ehow.com,Female,Indonesia,Rantau
487,Adora,Poter,apoterdi@opensource.org,Female,Indonesia,Datarnangka
488,Nolana,MacLleese,nmaclleesedj@skyrock.com,Male,Russia,Nizhniy Novgorod
489,Ruddie,Quinell,rquinelldk@fastcompany.com,Female,Canada,Blackfalds
490,Rici,De La Salle,rdelasalledl@illinois.edu,Female,Ukraine,Koreiz
491,Freda,Walrond,fwalronddm@bandcamp.com,Female,Canada,Winnipeg
492,Rosamond,Novotna,rnovotnadn@squarespace.com,Female,Colombia,Leticia
493,Adham,Wyse,awysedo@delicious.com,Agender,Indonesia,Titab
494,Frederich,Daouse,fdaousedp@google.co.uk,Male,United Kingdom,Church End
495,Cecil,Dee,cdeedq@blogtalkradio.com,Female,Japan,Kakuda
496,Vick,McCoveney,vmccoveneydr@elpais.com,Male,China,Haolibao
497,Sig,Cromb,scrombds@illinois.edu,Female,China,Wenxing
498,Elliott,Veazey,eveazeydt@reddit.com,Male,Czech Republic,Nedašov
499,Jodee,Capron,jcaprondu@wufoo.com,Male,Portugal,Silvares
500,Micaela,Reinger,mreingerdv@dell.com,Male,Peru,Lanlacuni Bajo
501,Akim,Pee,apeedw@google.cn,Male,Thailand,Wiphawadi
502,Valaria,Noli,vnolidx@irs.gov,Female,Thailand,Tha Muang
503,Jemimah,Lovart,jlovartdy@php.net,Male,China,Yangxunqiao
504,Adair,Rollin,arollindz@feedburner.com,Male,France,Paris 16
505,Vonnie,MacKnocker,vmacknockere0@tumblr.com,Female,China,Xiangyang
506,Lyell,Yitzovicz,lyitzovicze1@squidoo.com,Male,Russia,Petropavlovskaya
507,Humfried,Gabb,hgabbe2@posterous.com,Female,Tajikistan,Danghara
508,Tracy,Sketcher,tsketchere3@drupal.org,Male,Russia,Valday
509,Fabiano,Callam,fcallame4@seesaa.net,Female,China,Huangling
510,Dorine,Pollok,dpolloke5@amazon.de,Male,Malaysia,Melaka
511,Pascal,Mallabar,pmallabare6@addthis.com,Agender,Sweden,Kalmar
512,Julio,Twort,jtworte7@devhub.com,Female,Burundi,Makamba
513,Karrie,Fronczak,kfronczake8@admin.ch,Female,Kenya,Thika
514,Agathe,Alldritt,aalldritte9@google.co.uk,Male,Philippines,Oton
515,Alie,Woodroffe,awoodroffeea@free.fr,Male,Croatia,Goričan
516,Tabby,Harrinson,tharrinsoneb@google.pl,Female,Mexico,Miguel Hidalgo
517,Lacie,Karus,lkarusec@macromedia.com,Male,New Zealand,Otorohanga
518,Aurelia,Mannagh,amannaghed@hubpages.com,Female,Azerbaijan,Divichibazar
519,Dieter,Mattioni,dmattioniee@imageshack.us,Female,Indonesia,Ciputat
520,Loraine,Decayette,ldecayetteef@squidoo.com,Male,Portugal,Praia da Barra
521,Corabel,O'Corr,cocorreg@accuweather.com,Non-binary,China,Tangzi
522,Shalna,Pershouse,spershouseeh@mail.ru,Male,Uganda,Kayunga
523,Debera,Endle,dendleei@businessweek.com,Genderqueer,Brazil,Pitangui
524,Emmeline,Pawle,epawleej@cpanel.net,Male,Peru,Singa
525,Imogen,Perri,iperriek@jugem.jp,Male,Greece,Pásion
526,Timothy,Dautry,tdautryel@blog.com,Female,Nepal,Panaoti
527,Janot,Ruddy,jruddyem@mac.com,Male,China,Maqia
528,Jacob,Drache,jdracheen@dell.com,Male,Sweden,Nacka
529,Rickie,Garahan,rgarahaneo@ning.com,Male,China,Tangnanzhen
530,Nonie,Eyeington,neyeingtonep@seesaa.net,Female,Indonesia,Sedayulawas
531,Mimi,Demke,mdemkeeq@bloglovin.com,Female,Vietnam,Phú Lộc
532,Ozzy,Moline,omolineer@yolasite.com,Female,Albania,Bicaj
533,Ephraim,Vasilchikov,evasilchikoves@tripod.com,Male,Russia,Kharp
534,Giffy,Chazelas,gchazelaset@github.com,Female,China,Chengji
535,Armand,Norres,anorreseu@phpbb.com,Female,Indonesia,Aimadamodo
536,Guss,Le Gassick,glegassickev@senate.gov,Female,Australia,Sydney
537,Adolphe,Darby,adarbyew@seattletimes.com,Male,China,Jixi
538,Tansy,McGowing,tmcgowingex@hostgator.com,Female,Tajikistan,Panjakent
539,Thaine,Matasov,tmatasovey@cafepress.com,Female,Philippines,Sungai
540,Josephine,Sewill,jsewillez@cocolog-nifty.com,Male,Poland,Sobienie Jeziory
541,Swen,Ingon,singonf0@jigsy.com,Male,Bosnia and Herzegovina,Čajniče
542,Grant,Bordes,gbordesf1@biblegateway.com,Female,China,Guanshan
543,Kit,Aronov,karonovf2@ocn.ne.jp,Female,China,Gonghe
544,Norby,Zoppo,nzoppof3@quantcast.com,Female,Brazil,Brodósqui
545,Bendite,Aldham,baldhamf4@virginia.edu,Male,Japan,Chigasaki
546,Katinka,Plackstone,kplackstonef5@kickstarter.com,Male,China,Xiangshui
547,Yule,Acres,yacresf6@unblog.fr,Female,China,Pangu
548,Boothe,Giorgiutti,bgiorgiuttif7@telegraph.co.uk,Female,Poland,Świecie nad Osą
549,Georgianna,Fasham,gfashamf8@ameblo.jp,Male,Comoros,Ziroudani
550,Lucho,Connachan,lconnachanf9@wikispaces.com,Agender,South Korea,Songwon
551,Stephen,Bronot,sbronotfa@example.com,Female,United States,Colorado Springs
552,Edlin,Cliburn,ecliburnfb@cbc.ca,Female,Mauritania,Kaédi
553,Vernen,Durker,vdurkerfc@chron.com,Female,Nigeria,Kaingiwa
554,Emili,Nudd,enuddfd@360.cn,Male,Portugal,Teixoso
555,Fanya,Colebourn,fcolebournfe@hexun.com,Male,Brazil,Campina Grande
556,Sky,Sein,sseinff@usnews.com,Female,China,Yutou
557,Amalea,Budnik,abudnikfg@google.com,Male,Philippines,Pajo
558,Cornelia,Loukes,cloukesfh@gizmodo.com,Male,Madagascar,Fandriana
559,Geoff,Sedworth,gsedworthfi@exblog.jp,Female,China,Xingxi
560,Silas,Bedminster,sbedminsterfj@acquirethisname.com,Bigender,Philippines,Sagbayan
561,Terri,Hearnden,thearndenfk@blogspot.com,Male,Djibouti,'Ali Sabieh
562,Daryn,Mourant,dmourantfl@whitehouse.gov,Male,Greece,Nigríta
563,Bobbee,Bass,bbassfm@craigslist.org,Female,China,Gaoqiao
564,Deidre,McCumskay,dmccumskayfn@altervista.org,Female,Micronesia,Pulap
565,Gillan,Ellwand,gellwandfo@google.cn,Male,Japan,Katsuura
566,Anthony,Everard,aeverardfp@digg.com,Male,Indonesia,Sumberkertokrajan
567,Gordan,Lauchlan,glauchlanfq@gmpg.org,Bigender,Argentina,Guernica
568,Charis,Jarrard,cjarrardfr@canalblog.com,Female,Portugal,Pardelhas
569,Winny,MacMoyer,wmacmoyerfs@bloomberg.com,Male,Malaysia,Kuantan
570,Floyd,Guidelli,fguidellift@weibo.com,Male,China,Zhangjiapan
571,Gerhard,Orkney,gorkneyfu@cdbaby.com,Male,Russia,Krasnoye
572,Rick,Penella,rpenellafv@google.fr,Female,Yemen,Ta‘izz
573,Ana,Rudd,aruddfw@infoseek.co.jp,Female,Guyana,Bartica
574,Leonelle,Romagosa,lromagosafx@foxnews.com,Female,Colombia,Envigado
575,Elke,Martynov,emartynovfy@marriott.com,Male,Philippines,Apitong
576,Davin,Dodds,ddoddsfz@accuweather.com,Male,France,Maubeuge
577,Ainsley,Rowling,arowlingg0@squidoo.com,Female,Indonesia,Rantepang
578,Liane,McKernan,lmckernang1@hibu.com,Male,Portugal,Vila Franca das Naves
579,Willi,Murfett,wmurfettg2@spotify.com,Male,China,Juncheng
580,Creight,Mauro,cmaurog3@amazon.co.uk,Agender,China,Yangjiaping
581,Eddi,Piggen,epiggeng4@earthlink.net,Male,United States,Montgomery
582,Amalita,Catanheira,acatanheirag5@sciencedirect.com,Female,Colombia,Puerto López
583,Barn,Bytheway,bbythewayg6@wix.com,Female,China,Hanzhong
584,Immanuel,Byne,ibyneg7@shinystat.com,Female,China,Longwei
585,Ladonna,Hollerin,lhollering8@dot.gov,Male,Vietnam,Quỳ Châu
586,Fan,Broomfield,fbroomfieldg9@google.com.au,Female,Indonesia,Kalapadua
587,Neale,Calken,ncalkenga@nifty.com,Female,Indonesia,Krian
588,Ezequiel,Akister,eakistergb@adobe.com,Female,Poland,Kościelec
589,Elie,Arnolds,earnoldsgc@oaic.gov.au,Male,Kyrgyzstan,Ala-Buka
590,Tisha,Pickless,tpicklessgd@pen.io,Male,Sri Lanka,Tangalla
591,Charla,McKevany,cmckevanyge@friendfeed.com,Female,Yemen,Ad Dann
592,Wayne,Climar,wclimargf@google.com.br,Male,France,Montpellier
593,Tova,Tukesby,ttukesbygg@vkontakte.ru,Female,Portugal,Vale da Pedra
594,Audrye,Goldman,agoldmangh@si.edu,Female,Russia,Sim
595,Gasper,Tremain,gtremaingi@tuttocitta.it,Male,Greece,Loutrá
596,Bennie,Jekel,bjekelgj@nbcnews.com,Male,Russia,Smolenskaya
597,Alexina,M'Barron,ambarrongk@1688.com,Agender,Indonesia,Ambian
598,Hedwig,Issett,hissettgl@paginegialle.it,Female,China,Dingqing
599,Roarke,Towlson,rtowlsongm@china.com.cn,Polygender,Russia,Pyshchug
600,Nalani,Whaymand,nwhaymandgn@desdev.cn,Female,China,Peicheng
601,Rodd,Keeltagh,rkeeltaghgo@mapquest.com,Female,Indonesia,Tangguhang
602,Ricki,Lipman,rlipmangp@tuttocitta.it,Male,Peru,San Antonio
603,Mikkel,Denny,mdennygq@sakura.ne.jp,Female,Paraguay,San Patricio
604,Sande,Veivers,sveiversgr@csmonitor.com,Female,Mongolia,Arvayheer
605,Cally,Viccary,cviccarygs@reverbnation.com,Female,Russia,Yelat’ma
606,Dahlia,Phizaclea,dphizacleagt@paypal.com,Male,Russia,Dyurtyuli
607,Aubrey,Windas,awindasgu@nba.com,Female,Philippines,Aguilar
608,Bridget,Boissier,bboissiergv@wsj.com,Female,China,Yuli
609,Morly,Merriment,mmerrimentgw@posterous.com,Male,Indonesia,Mungging
610,Germain,Parley,gparleygx@ed.gov,Female,Iran,Aghajari
611,Dulcine,Asprey,daspreygy@cbsnews.com,Male,Portugal,Sobreira
612,Agace,Frankton,afranktongz@is.gd,Male,Russia,Podgornaya
613,Agnesse,Bosanko,abosankoh0@spiegel.de,Male,Mauritius,Saint Pierre
614,Sibylla,Legrice,slegriceh1@bloglovin.com,Male,China,Qiewa
615,Allie,Polley,apolleyh2@topsy.com,Male,Malaysia,Shah Alam
616,Estel,Emmatt,eemmatth3@apple.com,Genderfluid,Norway,Oslo
617,Izak,Scroggie,iscroggieh4@themeforest.net,Male,United Kingdom,Stapleford
618,Fairfax,Bunston,fbunstonh5@imageshack.us,Male,Colombia,Chiquinquirá
619,Price,Pennazzi,ppennazzih6@ibm.com,Female,South Africa,Utrecht
620,Guido,Sealeaf,gsealeafh7@uol.com.br,Male,Poland,Bachowice
621,Valina,Sille,vsilleh8@51.la,Male,China,Xiyuan
622,Jordan,Burtonwood,jburtonwoodh9@theglobeandmail.com,Female,Czech Republic,Svoboda nad Úpou
623,Natalina,Gainor,ngainorha@adobe.com,Male,Saudi Arabia,Al Qārah
624,Brion,Scorah,bscorahhb@psu.edu,Female,Russia,Miskindzha
625,Erinn,Daulby,edaulbyhc@nationalgeographic.com,Non-binary,Finland,Kaustinen
626,Elyn,Leaf,eleafhd@edublogs.org,Genderqueer,China,Xilai
627,Antoni,Swaine,aswainehe@furl.net,Female,Portugal,Figueira Castelo Rodrigo
628,Karrie,Ivanuschka,kivanuschkahf@xinhuanet.com,Male,China,Jiangdianzi
629,Bruno,Croall,bcroallhg@sciencedaily.com,Female,Russia,Pionerskiy
630,Jacobo,Spatarul,jspatarulhh@craigslist.org,Male,China,Jiangbei
631,Teador,Churm,tchurmhi@google.de,Male,Russia,Sovetsk
632,Clary,Wornham,cwornhamhj@businesswire.com,Male,Vietnam,Sơn Trà
633,Xenos,Benedyktowicz,xbenedyktowiczhk@google.com,Male,Poland,Przywidz
634,Filbert,Bartrum,fbartrumhl@loc.gov,Female,Czech Republic,Žandov
635,Nelly,Coburn,ncoburnhm@imageshack.us,Female,China,Mengjia
636,Hermy,Brandrick,hbrandrickhn@baidu.com,Female,Macedonia,Kukurečani
637,Annadiane,Hayden,ahaydenho@wired.com,Agender,Philippines,Malicboy
638,Goldi,Sommerfeld,gsommerfeldhp@storify.com,Female,Philippines,Tungol
639,Octavius,Thonger,othongerhq@soundcloud.com,Female,Nigeria,Igbo-Ukwu
640,Jacki,Greeve,jgreevehr@webmd.com,Male,Portugal,Foz do Arelho
641,Any,Farey,afareyhs@4shared.com,Female,Estonia,Narva-Jõesuu
642,Lolly,Gergely,lgergelyht@loc.gov,Male,Nigeria,Shanga
643,Jaine,Breeze,jbreezehu@epa.gov,Male,China,Zala
644,Orella,Guilloneau,oguilloneauhv@wordpress.org,Bigender,Armenia,Arevik
645,Sallee,Biasetti,sbiasettihw@artisteer.com,Female,Portugal,Sarrazola
646,Kale,Beeble,kbeeblehx@twitpic.com,Male,Greece,Alepoú
647,Batholomew,Alexandrou,balexandrouhy@pen.io,Male,Mexico,Buenavista
648,Cathe,Firbank,cfirbankhz@shutterfly.com,Female,Russia,Dyurtyuli
649,Harriet,Freear,hfreeari0@exblog.jp,Female,Jordan,Balīlā
650,Aimil,Huerta,ahuertai1@w3.org,Male,Colombia,Ríohacha
651,Winnie,Pendergast,wpendergasti2@dropbox.com,Male,Sweden,Sölvesborg
652,Jon,Dyerson,jdyersoni3@acquirethisname.com,Bigender,China,Huangcun
653,Charlie,Varcoe,cvarcoei4@posterous.com,Male,China,Hangchuan
654,Susanne,Laverick,slavericki5@unicef.org,Bigender,Russia,Magnitogorsk
655,Laurianne,Braid,lbraidi6@hugedomains.com,Bigender,Kazakhstan,Kīevka
656,Hillary,Cowpertwait,hcowpertwaiti7@msu.edu,Male,Serbia,Smederevska Palanka
657,Merilee,Hirtz,mhirtzi8@youtu.be,Male,Ecuador,El Triunfo
658,Kamillah,Sonley,ksonleyi9@friendfeed.com,Non-binary,Colombia,Yopal
659,Windham,Prazer,wprazeria@cocolog-nifty.com,Male,Uganda,Kasese
660,Jesus,Bullan,jbullanib@ft.com,Female,United States,Port Washington
661,Michal,Wathell,mwathellic@utexas.edu,Female,Brazil,Cassilândia
662,Tallou,Bielby,tbielbyid@techcrunch.com,Male,Iran,Kāshmar
663,Tessi,Muttitt,tmuttittie@redcross.org,Female,Brazil,Rio Grande da Serra
664,Ilyse,Horwell,ihorwellif@blogger.com,Male,Poland,Nowa Ruda
665,Wandis,Effaunt,weffauntig@moonfruit.com,Polygender,Malaysia,Kuala Terengganu
666,Yard,Hiley,yhileyih@unesco.org,Female,Russia,Khotynets
667,Chad,Fitzsimon,cfitzsimonii@dell.com,Male,Canada,Edson
668,Aridatha,Ullyott,aullyottij@trellian.com,Male,Canada,Kingston
669,Dudley,Lotze,dlotzeik@illinois.edu,Agender,Philippines,Libertad
670,Harmon,Arp,harpil@opensource.org,Female,Indonesia,Madan
671,Marcie,McGlaud,mmcglaudim@histats.com,Genderqueer,Indonesia,Warung Wetan
672,Devonna,Starrs,dstarrsin@flickr.com,Female,China,Hezhi
673,Maybelle,Chanders,mchandersio@intel.com,Male,Tunisia,Sahline
674,Ammamaria,Beckinsall,abeckinsallip@prlog.org,Male,Japan,Takefu
675,Fancy,Spraberry,fspraberryiq@taobao.com,Female,Vietnam,Phú Thái
676,Al,Bierling,abierlingir@jalbum.net,Male,Indonesia,Kenarilang
677,Craggy,Berrie,cberrieis@hexun.com,Male,Colombia,Cáchira
678,Dietrich,Spennock,dspennockit@amazon.de,Female,Croatia,Raša
679,Tony,Vereker,tverekeriu@nifty.com,Male,France,Le Chambon-Feugerolles
680,Aldric,Regler,aregleriv@businessinsider.com,Polygender,China,Heyou
681,Rici,Dowzell,rdowzelliw@techcrunch.com,Male,China,Jianping
682,Julianne,Chance,jchanceix@fotki.com,Female,Nigeria,Deba Habe
683,Aleda,Sherlock,asherlockiy@phpbb.com,Female,Guinea,Lélouma
684,Willette,Sicha,wsichaiz@wikispaces.com,Male,China,Hexiangqiao
685,Patricia,Judd,pjuddj0@printfriendly.com,Male,Russia,Neklyudovo
686,Kerri,Aldcorn,kaldcornj1@angelfire.com,Female,Ireland,Cobh
687,Cinderella,Carnock,ccarnockj2@sun.com,Female,United States,Boston
688,Court,Pengilly,cpengillyj3@csmonitor.com,Non-binary,United States,Birmingham
689,Terrel,Barrell,tbarrellj4@cdbaby.com,Female,Sweden,Borås
690,Jewelle,Staining,jstainingj5@youtu.be,Female,Netherlands,Kerkrade
691,Keslie,Egglestone,kegglestonej6@networksolutions.com,Female,Portugal,Pereiro
692,Laural,Geist,lgeistj7@arizona.edu,Male,Kazakhstan,Qarqaraly
693,Leisha,Allone,lallonej8@goo.ne.jp,Female,Portugal,Dois Portos
694,Boote,Larrett,blarrettj9@mozilla.com,Female,China,Beima
695,Rania,O'Hickee,rohickeeja@nature.com,Female,Peru,Pacaraos
696,Hazel,Holyland,hholylandjb@godaddy.com,Male,Brazil,Bertioga
697,Arden,Bembrigg,abembriggjc@merriam-webster.com,Female,China,Qiantang
698,Dina,Brittin,dbrittinjd@yolasite.com,Male,Indonesia,Pasiraman
699,Doll,Broderick,dbroderickje@disqus.com,Female,Honduras,Cañaveral
700,Edsel,Gerald,egeraldjf@amazon.de,Polygender,Portugal,Ladoeiro
701,Diannne,Chippindale,dchippindalejg@vistaprint.com,Male,Indonesia,Tanakbeak Daye
702,Minta,Rolls,mrollsjh@seattletimes.com,Male,China,Yongqin
703,Sherri,Tasker,staskerji@dropbox.com,Male,Mexico,Altavista
704,Haley,Kesterton,hkestertonjj@sciencedaily.com,Female,Iceland,Hafnarfjörður
705,Liv,Guthrie,lguthriejk@webmd.com,Male,Russia,Kirovsk
706,Seamus,Hatherleigh,shatherleighjl@howstuffworks.com,Female,Venezuela,Ciudad Ojeda
707,Mikaela,Drackford,mdrackfordjm@zdnet.com,Male,Japan,Shōbara
708,Cordelia,Ringrose,cringrosejn@economist.com,Female,Portugal,Cabra Figa
709,Evey,Saltern,esalternjo@canalblog.com,Female,Indonesia,Cisitu
710,Effie,Starkey,estarkeyjp@yandex.ru,Female,Thailand,Phu Sang
711,Corbin,Sleight,csleightjq@google.com,Female,Philippines,Ipil
712,Pearce,Bidgod,pbidgodjr@fc2.com,Non-binary,Sri Lanka,Wattala
713,Aryn,Millichip,amillichipjs@businessinsider.com,Female,Greece,Agía Paraskeví
714,Aili,Mc Grath,amcgrathjt@vk.com,Male,Turkey,Yeniköy
715,Benjie,Glander,bglanderju@wunderground.com,Female,China,Shangyi
716,Tibold,Martel,tmarteljv@facebook.com,Non-binary,United States,Independence
717,Bernardo,Marchi,bmarchijw@discuz.net,Female,Nicaragua,Tipitapa
718,Brand,Krale,bkralejx@vistaprint.com,Female,Indonesia,Sangari
719,Dorice,Gavini,dgavinijy@hubpages.com,Female,Indonesia,Margasana
720,Gerianne,Attack,gattackjz@google.co.jp,Female,Finland,Varkaus
721,Lory,Ingliby,linglibyk0@e-recht24.de,Female,Canada,Roblin
722,Feliza,Jobbing,fjobbingk1@unblog.fr,Male,Japan,Noda
723,Jennee,Mowatt,jmowattk2@ustream.tv,Female,Colombia,Riofrío
724,Kaitlyn,Candish,kcandishk3@scientificamerican.com,Female,Canada,Marathon
725,Bev,Stuke,bstukek4@ehow.com,Female,Portugal,São Bartolomeu
726,Gayelord,Kopp,gkoppk5@lycos.com,Male,Brazil,Ouricuri
727,Dorotea,Alexandre,dalexandrek6@senate.gov,Female,Nigeria,Eha Amufu
728,Arleen,Rozzell,arozzellk7@usatoday.com,Genderfluid,China,Jingu
729,Genia,Ramos,gramosk8@indiegogo.com,Male,China,Cairima
730,Meghann,Frick,mfrickk9@flavors.me,Male,Uganda,Kitamilo
731,Conney,Andrysek,candrysekka@prweb.com,Female,Indonesia,Kebonbencoy
732,Markos,Basey,mbaseykb@mapy.cz,Male,Russia,Kodinsk
733,Editha,Boyles,eboyleskc@unicef.org,Female,Ukraine,Utkivka
734,Brigid,Pre,bprekd@google.pl,Bigender,Brazil,Natal
735,Carlotta,Sandifer,csandiferke@thetimes.co.uk,Male,Philippines,Santa Lucia
736,Richmond,MacNess,rmacnesskf@illinois.edu,Male,China,Kalayemule
737,Clo,Swannie,cswanniekg@npr.org,Female,Ecuador,Montecristi
738,Chuck,Crichley,ccrichleykh@qq.com,Male,Portugal,Engenho
739,Fonzie,Rout,froutki@tumblr.com,Polygender,Czech Republic,Merklín
740,Charissa,Robe,crobekj@meetup.com,Male,Syria,Ţafas
741,Wilden,Alabone,walabonekk@woothemes.com,Male,Mongolia,Altanbulag
742,Warner,Warfield,wwarfieldkl@globo.com,Female,Bangladesh,Bājitpur
743,Thacher,Scoffham,tscoffhamkm@msu.edu,Female,Peru,Lobitos
744,Cordy,Regorz,cregorzkn@aol.com,Male,Sweden,Härnösand
745,Yolane,Gibbieson,ygibbiesonko@cnet.com,Female,Germany,Nürnberg
746,Farlie,Backson,fbacksonkp@over-blog.com,Male,Nicaragua,La Jicaral
747,Emili,Alpine,ealpinekq@columbia.edu,Male,Indonesia,Sumberkrajan
748,Iago,Novik,inovikkr@istockphoto.com,Male,Italy,Roma
749,May,Dyshart,mdyshartks@scribd.com,Male,China,Gaoping
750,Nichole,Tolson,ntolsonkt@wix.com,Male,China,Shaochang
751,Pierson,Butchard,pbutchardku@patch.com,Male,Poland,Pisz
752,Noach,Hause,nhausekv@xing.com,Female,Thailand,Kalasin
753,Clim,Townes,ctowneskw@odnoklassniki.ru,Female,South Korea,Neietsu
754,Kailey,Carwithim,kcarwithimkx@quantcast.com,Bigender,Portugal,Serra de Água
755,Jeffrey,Haynesford,jhaynesfordky@discovery.com,Agender,United States,Cincinnati
756,Rosabella,Wisam,rwisamkz@loc.gov,Female,Portugal,Fátima
757,Darcie,Pudner,dpudnerl0@xinhuanet.com,Female,China,Youfang
758,Paquito,Kment,pkmentl1@biglobe.ne.jp,Genderfluid,France,Saint-Gaudens
759,Geri,Hrynczyk,ghrynczykl2@phoca.cz,Male,Greece,Dióni
760,Haily,Woolfitt,hwoolfittl3@dagondesign.com,Male,Belarus,Prawdzinski
761,Nye,Dimeloe,ndimeloel4@toplist.cz,Male,China,Gaoyan
762,Waverley,Brokenshaw,wbrokenshawl5@mac.com,Male,Russia,Almaznyy
763,Cele,Accomb,caccombl6@g.co,Male,Ukraine,Syevyerodonets’k
764,Gregg,Partkya,gpartkyal7@reuters.com,Male,Philippines,Tubalan
765,Rouvin,Nutbeem,rnutbeeml8@marketwatch.com,Male,Greece,Kavásilas
766,Trevar,Tubridy,ttubridyl9@altervista.org,Male,China,Qingtaiping
767,Johnette,Pettwood,jpettwoodla@tumblr.com,Female,Poland,Korsze
768,Gayla,Drane,gdranelb@ow.ly,Male,Russia,Batagay-Alyta
769,Waneta,Rawstorn,wrawstornlc@bluehost.com,Male,Indonesia,Jajar
770,Kimberlyn,Lamar,klamarld@typepad.com,Female,Russia,Podkumskiy
771,Nicolina,Wyeld,nwyeldle@g.co,Female,Japan,Matsuyama
772,Jolee,Glenton,jglentonlf@washington.edu,Male,Sweden,Skellefteå
773,Bernie,Di Gregorio,bdigregoriolg@ebay.co.uk,Female,Mexico,Benito Juarez
774,Dawn,Covert,dcovertlh@arstechnica.com,Female,Guatemala,Chisec
775,Jamey,Snarie,jsnarieli@spiegel.de,Male,China,Fusheng
776,Boote,Hazeley,bhazeleylj@nih.gov,Female,Colombia,Gigante
777,Michale,Ivankin,mivankinlk@a8.net,Female,Indonesia,Jatisari
778,Willey,McKain,wmckainll@jalbum.net,Male,China,Duping
779,Nicki,Rotlauf,nrotlauflm@si.edu,Male,Ukraine,Chornyanka
780,Latisha,Colvill,lcolvillln@usatoday.com,Non-binary,China,Tuba
781,Erminie,Osbiston,eosbistonlo@icio.us,Male,China,Zhongcheng
782,Zeke,Seeborne,zseebornelp@dailymail.co.uk,Female,Portugal,Requião
783,Haven,Whitwell,hwhitwelllq@netlog.com,Polygender,Canada,Calgary
784,Clarice,Gimbrett,cgimbrettlr@surveymonkey.com,Male,China,Shuangqiao
785,Thadeus,Petracek,tpetracekls@zimbio.com,Female,China,Longxian
786,Marylee,Leagas,mleagaslt@nih.gov,Male,Kosovo,Strellc i Ulët
787,Guillema,Hinstridge,ghinstridgelu@icio.us,Male,Russia,Komsomolsk-on-Amur
788,Siffre,Groucutt,sgroucuttlv@hc360.com,Female,Portugal,Quinta da Torre
789,Robbert,Semper,rsemperlw@dyndns.org,Male,Brazil,Jaciara
790,Stacia,Breche,sbrechelx@tuttocitta.it,Female,Madagascar,Ambatondrazaka
791,Tami,Beverage,tbeveragely@ox.ac.uk,Male,Poland,Darłowo
792,Jesus,Parsisson,jparsissonlz@indiegogo.com,Female,China,Wudong
793,Siobhan,Winton,swintonm0@unesco.org,Male,Albania,Gradishtë
794,Charmion,Cumberland,ccumberlandm1@theglobeandmail.com,Female,Sweden,Göteborg
795,Sholom,Heliot,sheliotm2@spotify.com,Female,China,Nyima
796,West,Robken,wrobkenm3@infoseek.co.jp,Female,Japan,Yono
797,Reamonn,Easton,reastonm4@dropbox.com,Male,Poland,Michałów-Reginów
798,Adrianna,Loosmore,aloosmorem5@archive.org,Male,Indonesia,Bendo
799,Hinze,Giocannoni,hgiocannonim6@lulu.com,Female,China,A’yi Take
800,Kirstin,Huscroft,khuscroftm7@buzzfeed.com,Male,Czech Republic,Polešovice
801,Salli,Gobel,sgobelm8@reuters.com,Female,China,Longjie
802,Kacy,Bebbell,kbebbellm9@moonfruit.com,Non-binary,China,Taiping
803,Annalee,Lurriman,alurrimanma@cisco.com,Female,Portugal,Soure
804,Dale,Rings,dringsmb@google.com.au,Male,China,Xinghai
805,Edna,Dutch,edutchmc@va.gov,Male,Iran,Ardabīl
806,Nathalie,Iorio,nioriomd@nba.com,Female,Brazil,Igrejinha
807,Evan,Pirdy,epirdyme@bigcartel.com,Male,Indonesia,Campok
808,Jessi,Birtchnell,jbirtchnellmf@amazon.co.uk,Female,China,Shuizhai
809,Chiquia,Gaukrodge,cgaukrodgemg@newyorker.com,Female,New Zealand,Kelburn
810,Daven,Tingly,dtinglymh@howstuffworks.com,Male,Poland,Lubrza
811,Tallou,Panswick,tpanswickmi@whitehouse.gov,Female,Russia,Strel'na
812,Avis,Baty,abatymj@washington.edu,Female,China,Pingling
813,Berti,Fattorini,bfattorinimk@edublogs.org,Male,Indonesia,Pajung
814,Taddeusz,Gillyett,tgillyettml@intel.com,Male,Poland,Szamotuły
815,Ax,Algeo,aalgeomm@domainmarket.com,Female,Netherlands,'s-Hertogenbosch
816,Frants,MacLese,fmaclesemn@tumblr.com,Male,Japan,Miharu
817,Josey,Klampt,jklamptmo@canalblog.com,Male,Brazil,São João del Rei
818,Zed,Drover,zdrovermp@diigo.com,Female,Namibia,Outapi
819,Hubie,Willerton,hwillertonmq@statcounter.com,Male,Indonesia,Dukuhsawah
820,Lenka,Spendley,lspendleymr@shop-pro.jp,Male,China,Nanxing
821,Glenn,Vezey,gvezeyms@twitpic.com,Female,China,Tanzhesi
822,Emerson,Cordie,ecordiemt@prlog.org,Bigender,Indonesia,Ngadipuro
823,Flem,Baggalley,fbaggalleymu@miibeian.gov.cn,Male,United States,Springfield
824,Gilli,Abeau,gabeaumv@lulu.com,Female,Russia,Maslovka
825,Phyllida,Cousin,pcousinmw@imageshack.us,Male,Indonesia,Merdeka
826,Curt,Skunes,cskunesmx@google.ru,Female,Russia,Korenëvo
827,Salomon,Thorneywork,sthorneyworkmy@constantcontact.com,Genderqueer,Philippines,Pulo
828,Riane,Madeley,rmadeleymz@vk.com,Female,China,Qiaolin
829,Tedie,Manser,tmansern0@upenn.edu,Female,Mongolia,Rashaant
830,Anny,Thackeray,athackerayn1@youtube.com,Male,Peru,San Salvador
831,Torrin,Woolager,twoolagern2@xing.com,Female,Finland,Pudasjärvi
832,Sapphira,Jurkiewicz,sjurkiewiczn3@godaddy.com,Male,China,Xigangzi
833,Wandie,Lipyeat,wlipyeatn4@hostgator.com,Male,China,Jingdang
834,Matilde,MacGauhy,mmacgauhyn5@jimdo.com,Female,China,Jishan
835,Archy,Billison,abillisonn6@pbs.org,Male,China,Dongmaku
836,Harlan,Spawforth,hspawforthn7@behance.net,Male,China,Xekar
837,Winnie,Shallo,wshallon8@360.cn,Male,Indonesia,Pecatu
838,Courtney,Blunn,cblunnn9@bloglines.com,Female,Nigeria,Ilesa
839,Gaven,Izkoveski,gizkoveskina@mashable.com,Female,Nigeria,Uga
840,Marga,Rubenov,mrubenovnb@reverbnation.com,Genderqueer,Sweden,Stockholm
841,Calvin,Townend,ctownendnc@cornell.edu,Genderfluid,Brazil,Arujá
842,Sophi,Mainds,smaindsnd@netlog.com,Male,Russia,Kochevo
843,Hendrik,Chart,hchartne@mysql.com,Female,Argentina,Colonia Elisa
844,Coop,Jaffray,cjaffraynf@nps.gov,Male,El Salvador,Ilopango
845,Trumann,Percy,tpercyng@hud.gov,Female,Greece,Kavásilas
846,Pryce,Coopman,pcoopmannh@who.int,Non-binary,Greece,Pélla
847,Aile,Gino,aginoni@wordpress.org,Polygender,Sweden,Tomelilla
848,Vinnie,Galton,vgaltonnj@spotify.com,Male,Philippines,Pila
849,Enrika,Drable,edrablenk@acquirethisname.com,Female,Japan,Nanto-shi
850,Karita,Tolfrey,ktolfreynl@about.me,Male,China,Shangyu
851,Martin,Coutthart,mcoutthartnm@google.nl,Female,Indonesia,Waepau
852,Emmalyn,Leifer,eleifernn@census.gov,Male,Croatia,Raša
853,Cris,Gabbat,cgabbatno@edublogs.org,Female,Canada,Danville
854,Iggy,Baggaley,ibaggaleynp@smh.com.au,Female,China,Hecheng
855,Cameron,Stimson,cstimsonnq@sogou.com,Male,Israel,Yavne
856,Jase,Boyda,jboydanr@livejournal.com,Female,Indonesia,Ringinagung
857,Glynnis,Guitte,gguittens@disqus.com,Male,China,Lanling
858,Tally,Fairbard,tfairbardnt@sfgate.com,Female,Uzbekistan,Qo‘qon
859,Horacio,Kitchiner,hkitchinernu@fema.gov,Female,Colombia,Turbaco
860,Shea,Lowre,slowrenv@paypal.com,Male,Russia,Bol’shaya Setun’
861,Bernadina,Theobold,btheoboldnw@list-manage.com,Genderfluid,Philippines,Agoo
862,Nicoli,Creer,ncreernx@zdnet.com,Male,China,Benzilan
863,Sadye,Cortes,scortesny@paginegialle.it,Female,Belarus,Byerazino
864,Dell,Boutton,dbouttonnz@hatena.ne.jp,Female,Kenya,Mbale
865,Cooper,Gregori,cgregorio0@nationalgeographic.com,Female,Philippines,Talugtug
866,Rufe,Tottle,rtottleo1@nhs.uk,Female,China,Changgou
867,Bekki,Beceril,bbecerilo2@tiny.cc,Female,Tajikistan,Khorugh
868,Trude,Bruckner,tbrucknero3@springer.com,Male,Central African Republic,Ippy
869,Hazel,Offer,hoffero4@theglobeandmail.com,Male,Indonesia,Jampang Kulon
870,Husain,Melsom,hmelsomo5@dyndns.org,Female,Indonesia,Wewit
871,Heidie,De Mico,hdemicoo6@samsung.com,Female,Poland,Zarszyn
872,Pennie,Ucchino,pucchinoo7@topsy.com,Male,China,Didian
873,Muffin,Eastcourt,meastcourto8@icq.com,Female,France,Marne-la-Vallée
874,Sarajane,Lamke,slamkeo9@uiuc.edu,Non-binary,Sweden,Stockholm
875,Jacklyn,Jenks,jjenksoa@noaa.gov,Female,Uzbekistan,Nurota Shahri
876,Rosalynd,Medd,rmeddob@princeton.edu,Female,Philippines,Sugcad
877,Hali,Barday,hbardayoc@economist.com,Polygender,Venezuela,Capacho Viejo
878,Jammie,Caddie,jcaddieod@360.cn,Male,Brazil,Coruripe
879,Al,Buckleigh,abuckleighoe@alibaba.com,Female,Serbia,Leskovac
880,Doe,Cole,dcoleof@google.com,Female,Brazil,Rio Negrinho
881,Ritchie,Riall,rriallog@wix.com,Female,Namibia,Opuwo
882,Anna-diane,Titta,atittaoh@utexas.edu,Male,Indonesia,Mombok
883,Sandi,MacVicar,smacvicaroi@epa.gov,Male,Poland,Borzęcin
884,Austin,Grimshaw,agrimshawoj@cargocollective.com,Male,Philippines,Villaba
885,Wolf,Littleton,wlittletonok@pbs.org,Male,Russia,Zhigulevsk
886,Andriette,Harbord,aharbordol@1688.com,Non-binary,Japan,Ryōtsu-minato
887,Rodrique,Sycamore,rsycamoreom@networkadvertising.org,Male,Russia,Alzamay
888,Zelma,MacNeely,zmacneelyon@pcworld.com,Male,Indonesia,Urug
889,Fabien,Trinkwon,ftrinkwonoo@intel.com,Male,Indonesia,Padaran
890,Kirsteni,Blanking,kblankingop@uiuc.edu,Male,Bangladesh,Bera
891,Alexander,Kenna,akennaoq@ted.com,Female,Vietnam,Thị Trấn Bắc Yên
892,Andrus,Pontefract,apontefractor@mapy.cz,Male,Indonesia,Bukitkemuning
893,Estel,Kretschmer,ekretschmeros@psu.edu,Female,United States,Sparks
894,Gus,Ismirnioglou,gismirnioglouot@gnu.org,Female,Luxembourg,Eschweiler
895,Kimball,Cockroft,kcockroftou@themeforest.net,Female,China,Aral
896,Jeana,Schoffler,jschofflerov@chicagotribune.com,Male,Azerbaijan,Zaqatala
897,Ardys,Morrish,amorrishow@icq.com,Genderfluid,Finland,Kinnula
898,Nicolai,Paxton,npaxtonox@friendfeed.com,Male,Philippines,San Emilio
899,Gerrie,Agnolo,gagnolooy@themeforest.net,Male,China,Jiuquan
900,Antonius,Wones,awonesoz@imageshack.us,Male,Malaysia,Putrajaya
901,Erika,Dupree,edupreep0@cmu.edu,Male,Indonesia,Bandungsari
902,Jasun,Danels,jdanelsp1@skyrock.com,Male,Indonesia,Maundai
903,Gavan,Keener,gkeenerp2@pbs.org,Male,China,Benhong
904,Rheba,Ledram,rledramp3@blogger.com,Female,Sweden,Limmared
905,Norine,Blowers,nblowersp4@umich.edu,Male,Luxembourg,Esch-sur-Alzette
906,Winn,McInally,wmcinallyp5@a8.net,Female,Indonesia,Sorren Daya
907,Rodd,Dight,rdightp6@php.net,Male,Gambia,Abuko
908,Adorne,Woodington,awoodingtonp7@google.pl,Bigender,South Korea,Kosong
909,Say,Learmonth,slearmonthp8@smh.com.au,Female,Cuba,Bahía Honda
910,Demetris,Pridmore,dpridmorep9@cmu.edu,Male,Afghanistan,Adraskan
911,Frazer,Sanson,fsansonpa@myspace.com,Male,Sri Lanka,Kalutara
912,Patten,McAndie,pmcandiepb@constantcontact.com,Female,Peru,Yanahuanca
913,Brynna,Morena,bmorenapc@ezinearticles.com,Female,Iran,Eslāmābād
914,Millie,Clemmett,mclemmettpd@sfgate.com,Male,Czech Republic,Koryčany
915,Godfree,Larner,glarnerpe@usnews.com,Female,China,Waina
916,Cori,Humbee,chumbeepf@google.com.hk,Female,United States,Baltimore
917,Magdalen,Crowcombe,mcrowcombepg@tumblr.com,Male,Indonesia,Manola
918,Boonie,Eustanch,beustanchph@yellowpages.com,Male,Russia,Novaya Derevnya
919,Sloan,Marco,smarcopi@java.com,Male,China,Jiamaying
920,Reta,Dudley,rdudleypj@ucoz.com,Female,Czech Republic,Černilov
921,Georgianne,Acton,gactonpk@youtube.com,Female,Croatia,Bošnjaci
922,Dolorita,Crummay,dcrummaypl@oracle.com,Female,China,Lop
923,Ruggiero,Secret,rsecretpm@usa.gov,Male,North Korea,Sakchu-ŭp
924,Benjie,Highnam,bhighnampn@hugedomains.com,Male,Ethiopia,Leku
925,Harri,Kunkel,hkunkelpo@drupal.org,Male,Poland,Warlubie
926,Gabriello,Gammill,ggammillpp@usda.gov,Female,Philippines,Hilotongan
927,Hadleigh,Goseling,hgoselingpq@nymag.com,Female,Malta,Gudja
928,Orbadiah,Rawle,orawlepr@timesonline.co.uk,Female,China,Bashan
929,Julienne,Menloe,jmenloeps@abc.net.au,Female,Japan,Abashiri
930,Othella,Lead,oleadpt@cnet.com,Female,Colombia,Sahagún
931,Konstance,Yakebowitch,kyakebowitchpu@naver.com,Female,China,Huangjiazhai
932,Sandye,Jahnel,sjahnelpv@earthlink.net,Female,Bangladesh,Parbatipur
933,Clareta,Hudel,chudelpw@techcrunch.com,Female,Brazil,Rio Branco do Sul
934,Temp,Clem,tclempx@bbc.co.uk,Female,Ghana,Dome
935,Alistair,Hulburt,ahulburtpy@wordpress.org,Male,Greece,Kallíthiron
936,Inna,Figgures,ifiggurespz@cafepress.com,Female,China,Hepu
937,Norean,Helder,nhelderq0@webs.com,Male,China,Mizhuang
938,Sebastien,Scroggins,sscrogginsq1@digg.com,Genderfluid,China,Daixi
939,Orsola,Weatherell,oweatherellq2@amazonaws.com,Female,Indonesia,Jembangan
940,Maire,Beevis,mbeevisq3@globo.com,Male,China,Zhoushan
941,Rosita,Bolderson,rboldersonq4@purevolume.com,Female,Indonesia,Laban
942,Abe,Rushton,arushtonq5@phoca.cz,Female,Tunisia,Korba
943,Laney,Arkow,larkowq6@slate.com,Female,Yemen,Banī an Nahārī
944,Mirelle,Preedy,mpreedyq7@wordpress.org,Female,Honduras,Santa Rosa de Copán
945,Zorah,Conisbee,zconisbeeq8@state.gov,Male,Portugal,Casal dos Bernardos
946,Alasdair,Irnys,airnysq9@cornell.edu,Female,Indonesia,Oelui
947,Huntington,Lytton,hlyttonqa@cpanel.net,Female,Japan,Ryōtsu-minato
948,Jacinthe,Panons,jpanonsqb@weather.com,Agender,Sweden,Vellinge
949,Bernete,Tidd,btiddqc@sphinn.com,Female,China,Dushu
950,Aimil,Mycroft,amycroftqd@hp.com,Female,Peru,Palca
951,Lira,Conklin,lconklinqe@nationalgeographic.com,Female,Philippines,Cabodiongan
952,Free,Larkcum,flarkcumqf@sciencedirect.com,Male,Canada,Timmins
953,Korrie,Trenam,ktrenamqg@jimdo.com,Male,Malaysia,Petaling Jaya
954,Wilek,Wetherick,wwetherickqh@nationalgeographic.com,Female,Japan,Kokubunji
955,Janet,Hulatt,jhulattqi@examiner.com,Female,Mozambique,Montepuez
956,Coleen,Allicock,callicockqj@cisco.com,Male,China,Hadapu Zhen
957,Reynold,Andree,randreeqk@noaa.gov,Male,Indonesia,Badean
958,Rhetta,Oda,rodaql@tiny.cc,Female,Madagascar,Ambohitrolomahitsy
959,Siouxie,Fraschetti,sfraschettiqm@washington.edu,Male,Tanzania,Dar es Salaam
960,Sol,Downs,sdownsqn@soundcloud.com,Female,Ukraine,Inkerman
961,Bibbye,Uvedale,buvedaleqo@github.com,Female,Mexico,Rancho Nuevo
962,Bettine,Spinks,bspinksqp@csmonitor.com,Female,Morocco,Tabant
963,Sandro,Costell,scostellqq@springer.com,Female,Serbia,Sremska Mitrovica
964,Germana,Larter,glarterqr@google.es,Male,Afghanistan,Khanabad
965,Keen,Marwick,kmarwickqs@nih.gov,Female,Poland,Borzytuchom
966,Nara,Fotitt,nfotittqt@csmonitor.com,Male,China,Buhe
967,Osborn,Whymark,owhymarkqu@sciencedaily.com,Male,China,Tayang
968,Hermione,Crumley,hcrumleyqv@spiegel.de,Male,Venezuela,Lagunillas
969,Ferdinanda,Kevlin,fkevlinqw@census.gov,Male,Peru,Chucatamani
970,Flo,Errett,ferrettqx@skype.com,Male,Philippines,Ranao
971,Ray,Matiewe,rmatieweqy@lulu.com,Female,China,Lugouqiao
972,Iggie,Kittiman,ikittimanqz@who.int,Male,Russia,Gornyak
973,Margi,Deschelle,mdescheller0@hhs.gov,Genderfluid,Latvia,Mērsrags
974,Timmie,Wahner,twahnerr1@wordpress.com,Female,Angola,Catumbela
975,Roxie,Castenda,rcastendar2@tiny.cc,Female,Russia,Topol’noye
976,Tallie,Cragell,tcragellr3@ocn.ne.jp,Female,Russia,Kuznechikha
977,Melessa,Chieco,mchiecor4@si.edu,Male,Sweden,Saltsjöbaden
978,Nicholas,Croysdale,ncroysdaler5@go.com,Male,Denmark,København
979,Cate,Lode,cloder6@bbb.org,Male,Venezuela,La Asunción
980,Rhody,Parramore,rparramorer7@nymag.com,Agender,Indonesia,Sukamaju Kidul
981,Bess,Penhalewick,bpenhalewickr8@deviantart.com,Female,Sweden,Göteborg
982,Tomi,Hearne,thearner9@qq.com,Male,Greece,Panaitólion
983,Leeanne,Hovenden,lhovendenra@archive.org,Male,China,Hejiayan
984,Joel,Paylor,jpaylorrb@home.pl,Male,China,Yuyao
985,Celesta,Cords,ccordsrc@gov.uk,Female,Syria,‘Arīqah
986,Domenic,Gloy,dgloyrd@discovery.com,Male,Ukraine,Belz
987,Boris,Sawdy,bsawdyre@businessweek.com,Female,Japan,Jōetsu
988,Leigh,Buffery,lbufferyrf@slate.com,Male,China,Jiudu
989,Kali,Baglin,kbaglinrg@dailymotion.com,Agender,Ukraine,Berezovo
990,Elliott,Moggach,emoggachrh@nih.gov,Male,Peru,Palca
991,Sherm,Ratie,sratieri@mtv.com,Female,Cuba,Puerto Padre
992,Frederico,Conew,fconewrj@google.pl,Female,Philippines,Dugongan
993,Bethanne,Brahm,bbrahmrk@ameblo.jp,Male,Czech Republic,Slavonice
994,Arne,Cancellario,acancellariorl@china.com.cn,Male,Jordan,Jarash
995,Eal,Popple,epopplerm@dion.ne.jp,Male,Indonesia,Bangko
996,Constantine,Mahon,cmahonrn@odnoklassniki.ru,Male,Colombia,Cubará
997,Reade,Everley,reverleyro@google.co.uk,Male,Nauru,Ijuw
998,Persis,Damarell,pdamarellrp@japanpost.jp,Female,Indonesia,Bantul
999,Karia,Wife,kwiferq@hhs.gov,Female,Luxembourg,Leudelange
1000,Thekla,Slessar,tslessarrr@huffingtonpost.com,Male,Poland,Luboń
